Johl9Vuhao,16524
thoo0foPho,634
xo1aDai2ei,258
ieX5oY0eig,30446
ohduo7Ail7,7331
Aigah3Faik,15165
feish3In2O,14789
ChaisheeL8,29660
cheit4Re7o,6420
aigh6wooJa,10083
ewaiVa1vae,14352
ama0oofeaH,27527
ahfu5yie0E,15003
dei5uXibu8,7987
Woh0fa6aeg,26962
chohh6Quoh,22795
ahkeba7Buo,21804
oW0Ood2Eig,7545
aech8iaMoh,4497
sajootei2I,8466
iz7Roo0ohb,9443
eey5teePha,17408
Ahj8pie1Za,31801
cha1oaLu7f,170
Vithe6Au7i,2480
Laino9shoh,11216
Ach4miebe8,28070
Ooghae9goi,3553
xa3okohPhi,20927
Haec7ihee5,32039
Fagooqu1aa,8563
hooquo0Es9,9766
ab3ao6thaP,16040
umoo0SaeG9,2874
Yohc7ahvon,24960
fee9Xiedaa,26207
Mau1Div0ai,12635
Roz3aek9qu,28584
aibie7Aip6,453
eez8XoFa0i,2249
thei7uih1U,10441
sieT0Gie9M,25026
Ka4Thiejaz,19674
kahB9thahr,17555
lic3Iech2a,32595
weiGoo2Iev,17790
Jecon2ohge,11586
yu9IeHiseY,2874
ThoCee7oki,4851
ainei9EaTe,11828
heipoo5Pei,8059
Thohj1iice,16291
fie2ohk3Ke,17453
QuaeFahm4e,20766
filohfahW8,14534
Queivos3oo,17146
Ro9eetiocu,30643
Eeng5deigo,9106
iozota5eeH,20150
Noo8upith8,29517
Eigoovie2c,1755
thix6aeCah,8444
ke9uVughie,2939
baiRengix7,30695
bahshae6Ni,19137
yaiXaivie3,29853
Mahthohw5u,31468
le2ieGhiev,30573
AhRoh0ooch,11836
ooViz7ciev,775
Iec4eefoh7,23638
Wai9miLieJ,5050
vaiy1kaiBa,29313
ier8Eey9to,3924
Rie2eb0eev,17670
Oom8EoGhie,18300
uesei9Zee7,4761
xohze0Nim9,30761
aiz3ohziCh,24472
leic6Eo6ee,395
oPh4xook1h,29060
eboaruWai8,18542
iCahr4phax,21502
AR1thari8e,6669
ahGhuiy3vo,16171
Tae2haikai,6091
KoyubooY4k,9295
Oorahph7fi,32074
yi4tae3Nud,16391
waiZai2Gah,30433
eifeiGhoo9,2645
xeiT3chi6A,10320
uGahch4che,25490
zosheCa6oh,25421
Phae1ighei,8661
re6kie0aiP,21318
phietei5iH,21872
eezae5taeW,32605
Oosohj5hoh,27548
ad1eiHuWor,26001
